node_url,url_alias,title,content_type,created,Added to Gitlab for SAP user guide,Notes
http://docs.apigee.com/node/22756,api-services/content/whats-new-edge,What's new in Edge?,article,2016-11-01 09:32:59,,
http://docs.apigee.com/node/22876,content/developer-services-portal,Developer Services Portal,article,2016-11-07 11:29:05,,
http://docs.apigee.com/node/23096,deprecation,Apigee deprecation policy,article,2016-12-15 18:19:39,,
http://docs.apigee.com/node/23101,release-stages,Edge release stages,article,2016-12-15 19:15:31,,
http://docs.apigee.com/node/23796,deprecated-features,Edge deprecated features,article,2017-01-23 14:24:40,x,
http://docs.apigee.com/node/23811,api-services/content/edge-price-plan-note,Edge price plan note,book,2017-01-25 12:22:08,x,reusable note
http://docs.apigee.com/node/23816,advisory/content/advisory-messages,Advisory messages reference,article,2017-01-25 13:17:46,,
http://docs.apigee.com/node/23821,advisory/content/deployment-error-advisories,Deployment error advisories,article,2017-01-25 14:20:55,,
http://docs.apigee.com/node/23856,developer-services/content/enabling-saml-authentication,Using SAML authentication,article,2017-01-26 13:03:33,x,Add to the “Configure Your Portal” section
http://docs.apigee.com/node/23886,api-reference/content/proxy-bundle-size-limit-note,Proxy bundle size limit note,book,2017-02-01 17:41:49,x,reusable note
http://docs.apigee.com/node/23931,api-services/content/enabling-saml-authentication-edge,Enabling SAML Authentication for Edge,article,2017-02-10 06:53:22,,
http://docs.apigee.com/node/24041,api-services/content/configuring-edge-relying-party-adfs-idp,Configuring Edge as a Relying Party in ADFS IDP,article,2017-02-14 07:02:16,,
http://docs.apigee.com/node/24271,api-services/content/api-security,API security,article,2017-03-07 11:09:08,x,New landing page for API security
http://docs.apigee.com/node/24281,advisory/content/naming-and-input-error-advisories,Naming and input error advisories,article,2017-03-09 09:55:58,,
http://docs.apigee.com/node/24391,api-services/content/setting-api-key-validation,Setting up API key validation,article,2017-03-21 14:33:59,x,
http://docs.apigee.com/node/24421,api-services/content/developing-apigee-edge,Developing with Apigee Edge,article,2017-03-28 08:39:47,x,Replacement for 14711.html
http://docs.apigee.com/node/24426,api-services/content/get-started,Get started,article,2017-03-28 11:01:42,x,New landing page for Get Started section
http://docs.apigee.com/node/24436,api-services/content/tutorials,Tutorials,article,2017-03-28 14:51:58,x,New landing page for Tutorials
http://docs.apigee.com/node/24451,api-services/content/build-api-proxies,Develop API proxies,article,2017-03-31 12:32:39,x,New landing page for Develop API Proxies section
http://docs.apigee.com/node/24456,analytics-services/content/analyze-api-use,Analyze API use,article,2017-03-31 15:15:54,x,New landing page for Analyze section
http://docs.apigee.com/node/24466,api-services/content/apigee-reference,Apigee Edge Reference,article,2017-04-04 13:01:02,x,New landing page for Reference section
http://docs.apigee.com/node/24496,api-services/content/what-are-flows,What are flows?,article,2017-04-11 10:29:36,x,Replacement for 18261.html
http://docs.apigee.com/node/24511,api-services/content/global-user-password-security-behavior,"Global user password expiration, lockout, & reset",article,2017-04-17 10:36:20,x,New standalone topic. Content removed from 19256.html
http://docs.apigee.com/node/25141,apigee-labs/about-apigee-labs,About Apigee Labs,article,2017-04-19 12:34:37,,
